[
    {
        "user": "UJC78GVQD",
        "type": "message",
        "subtype": "channel_join",
        "ts": "1556787747.000200",
        "text": "<@UJC78GVQD> has joined the channel"
    },
    {
        "type": "message",
        "text": "",
        "files": [
            {
                "id": "FJBN2VB3N",
                "created": 1556787976,
                "timestamp": 1556787976,
                "name": "Assessment.sql",
                "title": "Assessment.sql",
                "mimetype": "text\/plain",
                "filetype": "sql",
                "pretty_type": "SQL",
                "user": "UJC78GVQD",
                "editable": false,
                "size": 2959,
                "mode": "hosted",
                "is_external": false,
                "external_type": "",
                "is_public": true,
                "public_url_shared": false,
                "display_as_bot": false,
                "username": "",
                "url_private": "https:\/\/files.slack.com\/files-pri\/TJED9F538-FJBN2VB3N\/assessment.sql?t=xoxe-626451515110-612871139762-626119448519-ab3fa6a62d006a884f82ae8d747e928a",
                "url_private_download": "https:\/\/files.slack.com\/files-pri\/TJED9F538-FJBN2VB3N\/download\/assessment.sql?t=xoxe-626451515110-612871139762-626119448519-ab3fa6a62d006a884f82ae8d747e928a",
                "permalink": "https:\/\/reactteam-workspace.slack.com\/files\/UJC78GVQD\/FJBN2VB3N\/assessment.sql",
                "permalink_public": "https:\/\/slack-files.com\/TJED9F538-FJBN2VB3N-50cc25641b",
                "has_rich_preview": false
            }
        ],
        "upload": true,
        "user": "UJC78GVQD",
        "display_as_bot": false,
        "ts": "1556787976.000300",
        "client_msg_id": "3949b6eb-8962-4553-9539-0b1403bc8811"
    }
]