[
    {
        "id": "CJ0QAMD8T",
        "name": "website-create",
        "created": "1556787747",
        "creator": "UJC78GVQD",
        "is_archived": false,
        "is_general": false,
        "members": [
            "UJC78GVQD"
        ],
        "topic": {
            "value": "",
            "creator": "",
            "last_set": "0"
        },
        "purpose": {
            "value": "",
            "creator": "",
            "last_set": "0"
        }
    },
    {
        "id": "CJC8QCVS4",
        "name": "general",
        "created": "1556787747",
        "creator": "UJC78GVQD",
        "is_archived": false,
        "is_general": true,
        "members": [
            "UJC78GVQD"
        ],
        "topic": {
            "value": "Company-wide announcements and work-based matters",
            "creator": "UJC78GVQD",
            "last_set": "1556787747"
        },
        "purpose": {
            "value": "This channel is for workspace-wide communication and announcements. All members are in this channel.",
            "creator": "UJC78GVQD",
            "last_set": "1556787747"
        }
    },
    {
        "id": "CJE3E4GBH",
        "name": "random",
        "created": "1556787747",
        "creator": "UJC78GVQD",
        "is_archived": false,
        "is_general": false,
        "members": [
            "UJC78GVQD"
        ],
        "topic": {
            "value": "Non-work banter and water cooler conversation",
            "creator": "UJC78GVQD",
            "last_set": "1556787747"
        },
        "purpose": {
            "value": "A place for non-work-related flimflam, faffing, hodge-podge or jibber-jabber you'd prefer to keep out of more focused work-related channels.",
            "creator": "UJC78GVQD",
            "last_set": "1556787747"
        }
    }
]