[
    {
        "id": "UJC78GVQD",
        "team_id": "TJED9F538",
        "name": "liyijun430",
        "deleted": false,
        "color": "9f69e7",
        "real_name": "liyijun430",
        "tz": "Australia\/Canberra",
        "tz_label": "Australian Eastern Standard Time",
        "tz_offset": 36000,
        "profile": {
            "title": "",
            "phone": "",
            "skype": "",
            "real_name": "liyijun430",
            "real_name_normalized": "liyijun430",
            "display_name": "",
            "display_name_normalized": "",
            "fields": null,
            "status_text": "",
            "status_emoji": "",
            "status_expiration": 0,
            "avatar_hash": "g5e1eb60d592",
            "image_24": "https:\/\/secure.gravatar.com\/avatar\/5e1eb60d592776c6a8a4685ac5b59f68.jpg?s=24&d=https%3A%2F%2Fa.slack-edge.com%2F00b63%2Fimg%2Favatars%2Fava_0025-24.png",
            "image_32": "https:\/\/secure.gravatar.com\/avatar\/5e1eb60d592776c6a8a4685ac5b59f68.jpg?s=32&d=https%3A%2F%2Fa.slack-edge.com%2F00b63%2Fimg%2Favatars%2Fava_0025-32.png",
            "image_48": "https:\/\/secure.gravatar.com\/avatar\/5e1eb60d592776c6a8a4685ac5b59f68.jpg?s=48&d=https%3A%2F%2Fa.slack-edge.com%2F00b63%2Fimg%2Favatars%2Fava_0025-48.png",
            "image_72": "https:\/\/secure.gravatar.com\/avatar\/5e1eb60d592776c6a8a4685ac5b59f68.jpg?s=72&d=https%3A%2F%2Fa.slack-edge.com%2F00b63%2Fimg%2Favatars%2Fava_0025-72.png",
            "image_192": "https:\/\/secure.gravatar.com\/avatar\/5e1eb60d592776c6a8a4685ac5b59f68.jpg?s=192&d=https%3A%2F%2Fa.slack-edge.com%2F00b63%2Fimg%2Favatars%2Fava_0025-192.png",
            "image_512": "https:\/\/secure.gravatar.com\/avatar\/5e1eb60d592776c6a8a4685ac5b59f68.jpg?s=512&d=https%3A%2F%2Fa.slack-edge.com%2F00b63%2Fimg%2Favatars%2Fava_0025-512.png",
            "status_text_canonical": "",
            "team": "TJED9F538"
        },
        "is_admin": true,
        "is_owner": true,
        "is_primary_owner": true,
        "is_restricted": false,
        "is_ultra_restricted": false,
        "is_bot": false,
        "is_app_user": false,
        "updated": 1556787747
    }
]